,CTYNAME,POPESTIMATE2017
1,Autauga County,55504
2,Baldwin County,212628
3,Barbour County,25270
4,Bibb County,22668
5,Blount County,58013
6,Bullock County,10309
7,Butler County,19825
8,Calhoun County,114728
9,Chambers County,33713
10,Cherokee County,25857
11,Chilton County,44067
12,Choctaw County,12945
13,Clarke County,24083
14,Clay County,13367
15,Cleburne County,14900
16,Coffee County,51874
17,Colbert County,54500
18,Conecuh County,12469
19,Coosa County,10754
20,Covington County,37092
21,Crenshaw County,13871
22,Cullman County,82755
23,Dale County,49226
24,Dallas County,39215
25,DeKalb County,71617
26,Elmore County,81677
27,Escambia County,37447
28,Etowah County,102755
29,Fayette County,16468
30,Franklin County,31495
31,Geneva County,26421
32,Greene County,8330
33,Hale County,14812
34,Henry County,17147
35,Houston County,104346
36,Jackson County,51909
37,Jefferson County,659197
38,Lamar County,13946
39,Lauderdale County,92538
40,Lawrence County,33049
41,Lee County,161604
42,Limestone County,94402
43,Lowndes County,10076
44,Macon County,18755
45,Madison County,361046
46,Marengo County,19375
47,Marion County,29833
48,Marshall County,95548
49,Mobile County,413955
50,Monroe County,21327
51,Montgomery County,226646
52,Morgan County,118818
53,Perry County,9339
54,Pickens County,20176
55,Pike County,33267
56,Randolph County,22670
57,Russell County,57045
58,St. Clair County,88199
59,Shelby County,213605
60,Sumter County,12687
61,Talladega County,80065
62,Tallapoosa County,40681
63,Tuscaloosa County,207811
64,Walker County,64058
65,Washington County,16531
66,Wilcox County,10719
67,Winston County,23722
69,Aleutians East Borough,3370
70,Aleutians West Census Area,5763
71,Anchorage Municipality,294356
72,Bethel Census Area,18076
73,Bristol Bay Borough,867
74,Denali Borough,2074
75,Dillingham Census Area,4932
76,Fairbanks North Star Borough,99703
77,Haines Borough,2526
78,Hoonah-Angoon Census Area,2145
79,Juneau City and Borough,32094
80,Kenai Peninsula Borough,58617
81,Ketchikan Gateway Borough,13856
82,Kodiak Island Borough,13448
83,Kusilvak Census Area,8202
84,Lake and Peninsula Borough,1620
85,Matanuska-Susitna Borough,106532
86,Nome Census Area,9921
87,North Slope Borough,9782
88,Northwest Arctic Borough,7684
89,Petersburg Borough,3281
90,Prince of Wales-Hyder Census Area,6443
91,Sitka City and Borough,8689
92,Skagway Municipality,1157
93,Southeast Fairbanks Census Area,6888
94,Valdez-Cordova Census Area,9278
95,Wrangell City and Borough,2521
96,Yakutat City and Borough,605
97,Yukon-Koyukuk Census Area,5365
99,Apache County,71606
100,Cochise County,124756
101,Coconino County,140776
102,Gila County,53501
103,Graham County,37466
104,Greenlee County,9455
105,La Paz County,20601
106,Maricopa County,4307033
107,Mohave County,207200
108,Navajo County,108956
109,Pima County,1022769
110,Pinal County,430237
111,Santa Cruz County,46212
112,Yavapai County,228168
113,Yuma County,207534
115,Arkansas County,17967
116,Ashley County,20283
117,Baxter County,41355
118,Benton County,266300
119,Boone County,37381
120,Bradley County,10864
121,Calhoun County,5247
122,Carroll County,27944
123,Chicot County,10636
124,Clark County,22293
125,Clay County,14920
126,Cleburne County,25048
127,Cleveland County,8202
128,Columbia County,23627
129,Conway County,20916
130,Craighead County,107115
131,Crawford County,62996
132,Crittenden County,48750
133,Cross County,16863
134,Dallas County,7393
135,Desha County,11764
136,Drew County,18547
137,Faulkner County,123654
138,Franklin County,17890
139,Fulton County,12055
140,Garland County,98658
141,Grant County,18165
142,Greene County,45053
143,Hempstead County,21861
144,Hot Spring County,33574
145,Howard County,13478
146,Independence County,37504
147,Izard County,13686
148,Jackson County,17135
149,Jefferson County,69115
150,Johnson County,26552
151,Lafayette County,6862
152,Lawrence County,16525
153,Lee County,9176
154,Lincoln County,13646
155,Little River County,12359
156,Logan County,21722
157,Lonoke County,72898
158,Madison County,16339
159,Marion County,16428
160,Miller County,43984
161,Mississippi County,42159
162,Monroe County,7085
163,Montgomery County,8919
164,Nevada County,8327
165,Newton County,7828
166,Ouachita County,23868
167,Perry County,10348
168,Phillips County,18572
169,Pike County,10726
170,Poinsett County,24154
171,Polk County,20118
172,Pope County,63835
173,Prairie County,8248
174,Pulaski County,393956
175,Randolph County,17557
176,St. Francis County,25930
177,Saline County,119323
178,Scott County,10445
179,Searcy County,7938
180,Sebastian County,128107
181,Sevier County,17115
182,Sharp County,17393
183,Stone County,12537
184,Union County,39449
185,Van Buren County,16506
186,Washington County,231996
187,White County,79016
188,Woodruff County,6571
189,Yell County,21523
191,Alameda County,1663190
192,Alpine County,1120
193,Amador County,38626
194,Butte County,229294
195,Calaveras County,45670
196,Colusa County,21805
197,Contra Costa County,1147439
198,Del Norte County,27470
199,El Dorado County,188987
200,Fresno County,989255
201,Glenn County,28094
202,Humboldt County,136754
203,Imperial County,182830
204,Inyo County,18026
205,Kern County,893119
206,Kings County,150101
207,Lake County,64246
208,Lassen County,31163
209,Los Angeles County,10163507
210,Madera County,156890
211,Marin County,260955
212,Mariposa County,17569
213,Mendocino County,88018
214,Merced County,272673
215,Modoc County,8859
216,Mono County,14168
217,Monterey County,437907
218,Napa County,140973
219,Nevada County,99814
220,Orange County,3190400
221,Placer County,386166
222,Plumas County,18742
223,Riverside County,2423266
224,Sacramento County,1530615
225,San Benito County,60310
226,San Bernardino County,2157404
227,San Diego County,3337685
228,San Francisco County,884363
229,San Joaquin County,745424
230,San Luis Obispo County,283405
231,San Mateo County,771410
232,Santa Barbara County,448150
233,Santa Clara County,1938153
234,Santa Cruz County,275897
235,Shasta County,179921
236,Sierra County,2999
237,Siskiyou County,43853
238,Solano County,445458
239,Sonoma County,504217
240,Stanislaus County,547899
241,Sutter County,96648
242,Tehama County,63926
243,Trinity County,12709
244,Tulare County,464493
245,Tuolumne County,54248
246,Ventura County,854223
247,Yolo County,219116
248,Yuba County,77031
250,Adams County,503167
251,Alamosa County,16551
252,Arapahoe County,643052
253,Archuleta County,13315
254,Baca County,3562
255,Bent County,5938
256,Boulder County,322514
257,Broomfield County,68341
258,Chaffee County,19638
259,Cheyenne County,1845
260,Clear Creek County,9574
261,Conejos County,8184
262,Costilla County,3776
263,Crowley County,5810
264,Custer County,4874
265,Delta County,30568
266,Denver County,704621
267,Dolores County,2067
268,Douglas County,335299
269,Eagle County,54772
270,Elbert County,25642
271,El Paso County,699232
272,Fremont County,47559
273,Garfield County,59118
274,Gilpin County,6013
275,Grand County,15321
276,Gunnison County,16939
277,Hinsdale County,794
278,Huerfano County,6662
279,Jackson County,1385
280,Jefferson County,574613
281,Kiowa County,1376
282,Kit Carson County,7158
283,Lake County,7778
284,La Plata County,55589
285,Larimer County,343976
286,Las Animas County,14238
287,Lincoln County,5546
288,Logan County,21896
289,Mesa County,151616
290,Mineral County,766
291,Moffat County,13131
292,Montezuma County,26140
293,Montrose County,41784
294,Morgan County,28192
295,Otero County,18326
296,Ouray County,4794
297,Park County,17905
298,Phillips County,4292
299,Pitkin County,17890
300,Prowers County,12070
301,Pueblo County,166475
302,Rio Blanco County,6420
303,Rio Grande County,11301
304,Routt County,25220
305,Saguache County,6626
306,San Juan County,715
307,San Miguel County,7967
308,Sedgwick County,2344
309,Summit County,30585
310,Teller County,24646
311,Washington County,4938
312,Weld County,304633
313,Yuma County,10075
315,Fairfield County,949921
316,Hartford County,895388
317,Litchfield County,182177
318,Middlesex County,163410
319,New Haven County,860435
320,New London County,269033
321,Tolland County,151461
322,Windham County,116359
324,Kent County,176824
325,New Castle County,559793
326,Sussex County,225322
328,District of Columbia,693972
330,Alachua County,266944
331,Baker County,28283
332,Bay County,183563
333,Bradford County,27038
334,Brevard County,589162
335,Broward County,1935878
336,Calhoun County,14483
337,Charlotte County,182033
338,Citrus County,145647
339,Clay County,212230
340,Collier County,372880
341,Columbia County,69612
342,DeSoto County,36862
343,Dixie County,16673
344,Duval County,937934
345,Escambia County,313512
346,Flagler County,110510
347,Franklin County,11727
348,Gadsden County,46071
349,Gilchrist County,17743
350,Glades County,13754
351,Gulf County,16160
352,Hamilton County,14184
353,Hardee County,27411
354,Hendry County,40347
355,Hernando County,186553
356,Highlands County,102883
357,Hillsborough County,1408566
358,Holmes County,19558
359,Indian River County,154383
360,Jackson County,48330
361,Jefferson County,14144
362,Lafayette County,8451
363,Lake County,346017
364,Lee County,739224
365,Leon County,290292
366,Levy County,40355
367,Liberty County,8242
368,Madison County,18449
369,Manatee County,385571
370,Marion County,354353
371,Martin County,159923
372,Miami-Dade County,2751796
373,Monroe County,77013
374,Nassau County,82721
375,Okaloosa County,202970
376,Okeechobee County,41605
377,Orange County,1348975
378,Osceola County,352180
379,Palm Beach County,1471150
380,Pasco County,525643
381,Pinellas County,970637
382,Polk County,686483
383,Putnam County,73464
384,St. Johns County,243812
385,St. Lucie County,313506
386,Santa Rosa County,174272
387,Sarasota County,419119
388,Seminole County,462659
389,Sumter County,125165
390,Suwannee County,44190
391,Taylor County,21833
392,Union County,15517
393,Volusia County,538692
394,Wakulla County,32120
395,Walton County,68376
396,Washington County,24567
398,Appling County,18521
399,Atkinson County,8342
400,Bacon County,11319
401,Baker County,3200
402,Baldwin County,44906
403,Banks County,18634
404,Barrow County,79061
405,Bartow County,105054
406,Ben Hill County,16996
407,Berrien County,19186
408,Bibb County,152862
409,Bleckley County,12830
410,Brantley County,18731
411,Brooks County,15587
412,Bryan County,37060
413,Bulloch County,76149
414,Burke County,22522
415,Butts County,24059
416,Calhoun County,6455
417,Camden County,53044
418,Candler County,10797
419,Carroll County,117812
420,Catoosa County,66550
421,Charlton County,12715
422,Chatham County,290501
423,Chattahoochee County,10343
424,Chattooga County,24770
425,Cherokee County,247573
426,Clarke County,127064
427,Clay County,2962
428,Clayton County,285153
429,Clinch County,6727
430,Cobb County,755754
431,Coffee County,43014
432,Colquitt County,45835
433,Columbia County,151579
434,Cook County,17277
435,Coweta County,143114
436,Crawford County,12295
437,Crisp County,22736
438,Dade County,16285
439,Dawson County,24379
440,Decatur County,26716
441,DeKalb County,753253
442,Dodge County,20730
443,Dooly County,13737
444,Dougherty County,89502
445,Douglas County,143882
446,Early County,10296
447,Echols County,3936
448,Effingham County,59982
449,Elbert County,19109
450,Emanuel County,22530
451,Evans County,10775
452,Fannin County,25322
453,Fayette County,112549
454,Floyd County,97613
455,Forsyth County,227967
456,Franklin County,22820
457,Fulton County,1041423
458,Gilmer County,30674
459,Glascock County,3062
460,Glynn County,85282
461,Gordon County,57089
462,Grady County,24819
463,Greene County,17281
464,Gwinnett County,920260
465,Habersham County,44567
466,Hall County,199335
467,Hancock County,8561
468,Haralson County,29256
469,Harris County,33915
470,Hart County,25794
471,Heard County,11730
472,Henry County,225813
473,Houston County,153479
474,Irwin County,9410
475,Jackson County,67519
476,Jasper County,13964
477,Jeff Davis County,15025
478,Jefferson County,15648
479,Jenkins County,8767
480,Johnson County,9788
481,Jones County,28470
482,Lamar County,18599
483,Lanier County,10425
484,Laurens County,47330
485,Lee County,29470
486,Liberty County,61386
487,Lincoln County,7880
488,Long County,19014
489,Lowndes County,115489
490,Lumpkin County,32873
491,McDuffie County,21498
492,McIntosh County,14106
493,Macon County,13314
494,Madison County,29302
495,Marion County,8450
496,Meriwether County,21049
497,Miller County,5838
498,Mitchell County,22292
499,Monroe County,27113
500,Montgomery County,9031
501,Morgan County,18412
502,Murray County,39782
503,Muscogee County,194058
504,Newton County,108078
505,Oconee County,38028
506,Oglethorpe County,14877
507,Paulding County,159445
508,Peach County,27099
509,Pickens County,31588
510,Pierce County,19307
511,Pike County,18217
512,Polk County,42085
513,Pulaski County,11201
514,Putnam County,21730
515,Quitman County,2358
516,Rabun County,16602
517,Randolph County,7075
518,Richmond County,201800
519,Rockdale County,90312
520,Schley County,5213
521,Screven County,13953
522,Seminole County,8292
523,Spalding County,65380
524,Stephens County,25890
525,Stewart County,5985
526,Sumter County,29847
527,Talbot County,6249
528,Taliaferro County,1628
529,Tattnall County,25334
530,Taylor County,8142
531,Telfair County,15989
532,Terrell County,8729
533,Thomas County,44779
534,Tift County,40598
535,Toombs County,26999
536,Towns County,11506
537,Treutlen County,6740
538,Troup County,69786
539,Turner County,7961
540,Twiggs County,8174
541,Union County,23459
542,Upson County,26135
543,Walker County,68939
544,Walton County,91600
545,Ware County,35871
546,Warren County,5303
547,Washington County,20313
548,Wayne County,29817
549,Webster County,2605
550,Wheeler County,7952
551,White County,29453
552,Whitfield County,104658
553,Wilcox County,8800
554,Wilkes County,9892
555,Wilkinson County,8959
556,Worth County,20533
558,Hawaii County,200381
559,Honolulu County,988650
560,Kalawao County,88
561,Kauai County,72159
562,Maui County,166260
564,Ada County,456849
565,Adams County,4147
566,Bannock County,85269
567,Bear Lake County,6028
568,Benewah County,9184
569,Bingham County,45927
570,Blaine County,22024
571,Boise County,7290
572,Bonner County,43560
573,Bonneville County,114595
574,Boundary County,11922
575,Butte County,2602
576,Camas County,1102
577,Canyon County,216699
578,Caribou County,7034
579,Cassia County,23664
580,Clark County,873
581,Clearwater County,8546
582,Custer County,4172
583,Elmore County,26823
584,Franklin County,13564
585,Fremont County,13094
586,Gem County,17379
587,Gooding County,15124
588,Idaho County,16369
589,Jefferson County,28446
590,Jerome County,23627
591,Kootenai County,157637
592,Latah County,39333
593,Lemhi County,7875
594,Lewis County,3887
595,Lincoln County,5318
596,Madison County,39141
597,Minidoka County,20729
598,Nez Perce County,40385
599,Oneida County,4427
600,Owyhee County,11628
601,Payette County,23215
602,Power County,7600
603,Shoshone County,12542
604,Teton County,11381
605,Twin Falls County,85124
606,Valley County,10687
607,Washington County,10121
609,Adams County,66234
610,Alexander County,6315
611,Bond County,16948
612,Boone County,53513
613,Brown County,6716
614,Bureau County,33243
615,Calhoun County,4833
616,Carroll County,14518
617,Cass County,12505
618,Champaign County,209399
619,Christian County,33102
620,Clark County,15767
621,Clay County,13269
622,Clinton County,37614
623,Coles County,51979
624,Cook County,5211263
625,Crawford County,18961
626,Cumberland County,10908
627,DeKalb County,104733
628,De Witt County,15942
629,Douglas County,19748
630,DuPage County,930128
631,Edgar County,17328
632,Edwards County,6486
633,Effingham County,34132
634,Fayette County,21784
635,Ford County,13280
636,Franklin County,39041
637,Fulton County,35110
638,Gallatin County,5080
639,Greene County,13174
640,Grundy County,50586
641,Hamilton County,8194
642,Hancock County,18020
643,Hardin County,4046
644,Henderson County,6795
645,Henry County,49328
646,Iroquois County,27876
647,Jackson County,58284
648,Jasper County,9578
649,Jefferson County,38179
650,Jersey County,21941
651,Jo Daviess County,21594
652,Johnson County,12900
653,Kane County,534667
654,Kankakee County,109605
655,Kendall County,126218
656,Knox County,50638
657,Lake County,703520
658,LaSalle County,110067
659,Lawrence County,16168
660,Lee County,34406
661,Livingston County,36518
662,Logan County,29245
663,McDonough County,30823
664,McHenry County,309122
665,McLean County,172290
666,Macon County,105801
667,Macoupin County,45446
668,Madison County,265428
669,Marion County,37902
670,Marshall County,11730
671,Mason County,13715
672,Massac County,14344
673,Menard County,12245
674,Mercer County,15618
675,Monroe County,34097
676,Montgomery County,28790
677,Morgan County,33798
678,Moultrie County,14688
679,Ogle County,51063
680,Peoria County,183011
681,Perry County,21285
682,Piatt County,16445
683,Pike County,15821
684,Pope County,4325
685,Pulaski County,5509
686,Putnam County,5727
687,Randolph County,32423
688,Richland County,15901
689,Rock Island County,144808
690,St. Clair County,262479
691,Saline County,24102
692,Sangamon County,196452
693,Schuyler County,7035
694,Scott County,5002
695,Shelby County,21719
696,Stark County,5434
697,Stephenson County,45054
698,Tazewell County,133526
699,Union County,17000
700,Vermilion County,77909
701,Wabash County,11489
702,Warren County,17167
703,Washington County,14030
704,Wayne County,16495
705,White County,13938
706,Whiteside County,56118
707,Will County,692661
708,Williamson County,67328
709,Winnebago County,284778
710,Woodford County,38726
712,Adams County,35491
713,Allen County,372877
714,Bartholomew County,82040
715,Benton County,8613
716,Blackford County,11976
717,Boone County,65875
718,Brown County,15035
719,Carroll County,20039
720,Cass County,37994
721,Clark County,116973
722,Clay County,26198
723,Clinton County,32317
724,Crawford County,10566
725,Daviess County,33113
726,Dearborn County,49741
727,Decatur County,26737
728,DeKalb County,42836
729,Delaware County,115184
730,Dubois County,42558
731,Elkhart County,205032
732,Fayette County,23209
733,Floyd County,77071
734,Fountain County,16505
735,Franklin County,22619
736,Fulton County,20059
737,Gibson County,33576
738,Grant County,66491
739,Greene County,32177
740,Hamilton County,323747
741,Hancock County,74985
742,Harrison County,39898
743,Hendricks County,163685
744,Henry County,48476
745,Howard County,82363
746,Huntington County,36337
747,Jackson County,43884
748,Jasper County,33447
749,Jay County,20945
750,Jefferson County,32089
751,Jennings County,27626
752,Johnson County,153897
753,Knox County,37508
754,Kosciusko County,79206
755,LaGrange County,39303
756,Lake County,485640
757,LaPorte County,110029
758,Lawrence County,45666
759,Madison County,129498
760,Marion County,950082
761,Marshall County,46498
762,Martin County,10215
763,Miami County,35845
764,Monroe County,146986
765,Montgomery County,38525
766,Morgan County,69713
767,Newton County,14130
768,Noble County,47452
769,Ohio County,5828
770,Orange County,19426
771,Owen County,20839
772,Parke County,16886
773,Perry County,19081
774,Pike County,12365
775,Porter County,168404
776,Posey County,25595
777,Pulaski County,12534
778,Putnam County,37702
779,Randolph County,24922
780,Ripley County,28442
781,Rush County,16645
782,St. Joseph County,270434
783,Scott County,23870
784,Shelby County,44395
785,Spencer County,20394
786,Starke County,22893
787,Steuben County,34484
788,Sullivan County,20746
789,Switzerland County,10696
790,Tippecanoe County,190587
791,Tipton County,15128
792,Union County,7200
793,Vanderburgh County,181616
794,Vermillion County,15505
795,Vigo County,107516
796,Wabash County,31443
797,Warren County,8201
798,Warrick County,62530
799,Washington County,27827
800,Wayne County,66185
801,Wells County,27984
802,White County,24182
803,Whitley County,33756
805,Adair County,7054
806,Adams County,3686
807,Allamakee County,13884
808,Appanoose County,12352
809,Audubon County,5578
810,Benton County,25642
811,Black Hawk County,132648
812,Boone County,26484
813,Bremer County,24911
814,Buchanan County,21202
815,Buena Vista County,20110
816,Butler County,14606
817,Calhoun County,9746
818,Carroll County,20320
819,Cass County,13145
820,Cedar County,18543
821,Cerro Gordo County,43006
822,Cherokee County,11316
823,Chickasaw County,12005
824,Clarke County,9374
825,Clay County,16170
826,Clayton County,17637
827,Clinton County,47010
828,Crawford County,17056
829,Dallas County,87235
830,Davis County,8966
831,Decatur County,7950
832,Delaware County,17153
833,Des Moines County,39417
834,Dickinson County,17199
835,Dubuque County,97041
836,Emmet County,9432
837,Fayette County,19796
838,Floyd County,15744
839,Franklin County,10164
840,Fremont County,6948
841,Greene County,8981
842,Grundy County,12333
843,Guthrie County,10670
844,Hamilton County,15115
845,Hancock County,10771
846,Hardin County,17048
847,Harrison County,14136
848,Henry County,19863
849,Howard County,9228
850,Humboldt County,9564
851,Ida County,6865
852,Iowa County,16103
853,Jackson County,19366
854,Jasper County,36966
855,Jefferson County,18422
856,Johnson County,149210
857,Jones County,20536
858,Keokuk County,10153
859,Kossuth County,14999
860,Lee County,34295
861,Linn County,224115
862,Louisa County,11184
863,Lucas County,8534
864,Lyon County,11792
865,Madison County,16013
866,Mahaska County,22235
867,Marion County,33105
868,Marshall County,40288
869,Mills County,15068
870,Mitchell County,10631
871,Monona County,8740
872,Monroe County,7845
873,Montgomery County,10137
874,Muscatine County,42880
875,O'Brien County,13801
876,Osceola County,6045
877,Page County,15224
878,Palo Alto County,9092
879,Plymouth County,25220
880,Pocahontas County,6846
881,Polk County,481830
882,Pottawattamie County,93386
883,Poweshiek County,18314
884,Ringgold County,5034
885,Sac County,9817
886,Scott County,172509
887,Shelby County,11628
888,Sioux County,34860
889,Story County,97502
890,Tama County,17058
891,Taylor County,6178
892,Union County,12450
893,Van Buren County,7157
894,Wapello County,35044
895,Warren County,50163
896,Washington County,22281
897,Wayne County,6476
898,Webster County,36605
899,Winnebago County,10587
900,Winneshiek County,20201
901,Woodbury County,102429
902,Worth County,7469
903,Wright County,12784
905,Allen County,12519
906,Anderson County,7833
907,Atchison County,16332
908,Barber County,4586
909,Barton County,26476
910,Bourbon County,14754
911,Brown County,9641
912,Butler County,66878
913,Chase County,2683
914,Chautauqua County,3363
915,Cherokee County,20115
916,Cheyenne County,2683
917,Clark County,2004
918,Clay County,7958
919,Cloud County,8991
920,Coffey County,8224
921,Comanche County,1790
922,Cowley County,35361
923,Crawford County,39034
924,Decatur County,2885
925,Dickinson County,18902
926,Doniphan County,7727
927,Douglas County,120793
928,Edwards County,2893
929,Elk County,2498
930,Ellis County,28689
931,Ellsworth County,6330
932,Finney County,37084
933,Ford County,34381
934,Franklin County,25733
935,Geary County,33855
936,Gove County,2631
937,Graham County,2495
938,Grant County,7526
939,Gray County,5958
940,Greeley County,1249
941,Greenwood County,6123
942,Hamilton County,2640
943,Harper County,5590
944,Harvey County,34544
945,Haskell County,4053
946,Hodgeman County,1842
947,Jackson County,13318
948,Jefferson County,18998
949,Jewell County,2850
950,Johnson County,591178
951,Kearny County,3960
952,Kingman County,7360
953,Kiowa County,2485
954,Labette County,20145
955,Lane County,1559
956,Leavenworth County,81095
957,Lincoln County,3043
958,Linn County,9726
959,Logan County,2821
960,Lyon County,33392
961,McPherson County,28708
962,Marion County,11986
963,Marshall County,9745
964,Meade County,4303
965,Miami County,33461
966,Mitchell County,6128
967,Montgomery County,32556
968,Morris County,5455
969,Morton County,2740
970,Nemaha County,10118
971,Neosho County,16015
972,Ness County,2869
973,Norton County,5441
974,Osage County,15772
975,Osborne County,3610
976,Ottawa County,5863
977,Pawnee County,6680
978,Phillips County,5370
979,Pottawatomie County,23908
980,Pratt County,9547
981,Rawlins County,2497
982,Reno County,62510
983,Republic County,4691
984,Rice County,9660
985,Riley County,74172
986,Rooks County,5043
987,Rush County,3103
988,Russell County,6915
989,Saline County,54734
990,Scott County,4961
991,Sedgwick County,513687
992,Seward County,22159
993,Shawnee County,178187
994,Sheridan County,2527
995,Sherman County,5930
996,Smith County,3668
997,Stafford County,4207
998,Stanton County,2060
999,Stevens County,5612
1000,Sumner County,23159
1001,Thomas County,7788
1002,Trego County,2884
1003,Wabaunsee County,6874
1004,Wallace County,1524
1005,Washington County,5485
1006,Wichita County,2125
1007,Wilson County,8675
1008,Woodson County,3147
1009,Wyandotte County,165288
1011,Adair County,19485
1012,Allen County,20933
1013,Anderson County,22544
1014,Ballard County,8039
1015,Barren County,43801
1016,Bath County,12378
1017,Bell County,26894
1018,Boone County,130728
1019,Bourbon County,20029
1020,Boyd County,47979
1021,Boyle County,29924
1022,Bracken County,8267
1023,Breathitt County,12946
1024,Breckinridge County,20111
1025,Bullitt County,80246
1026,Butler County,12831
1027,Caldwell County,12639
1028,Calloway County,38919
1029,Campbell County,92488
1030,Carlisle County,4846
1031,Carroll County,10713
1032,Carter County,27144
1033,Casey County,15750
1034,Christian County,70416
1035,Clark County,36046
1036,Clay County,20366
1037,Clinton County,10276
1038,Crittenden County,9084
1039,Cumberland County,6706
1040,Daviess County,100374
1041,Edmonson County,12226
1042,Elliott County,7523
1043,Estill County,14277
1044,Fayette County,321959
1045,Fleming County,14446
1046,Floyd County,36271
1047,Franklin County,50485
1048,Fulton County,6192
1049,Gallatin County,8776
1050,Garrard County,17523
1051,Grant County,24984
1052,Graves County,37121
1053,Grayson County,26358
1054,Green County,11065
1055,Greenup County,35518
1056,Hancock County,8801
1057,Hardin County,108071
1058,Harlan County,26713
1059,Harrison County,18781
1060,Hart County,18757
1061,Henderson County,45928
1062,Henry County,16006
1063,Hickman County,4520
1064,Hopkins County,45547
1065,Jackson County,13431
1066,Jefferson County,771158
1067,Jessamine County,53375
1068,Johnson County,22594
1069,Kenton County,165399
1070,Knott County,15291
1071,Knox County,31227
1072,Larue County,14205
1073,Laurel County,60174
1074,Lawrence County,15719
1075,Lee County,6570
1076,Leslie County,10334
1077,Letcher County,22339
1078,Lewis County,13339
1079,Lincoln County,24456
1080,Livingston County,9269
1081,Logan County,27060
1082,Lyon County,8082
1083,McCracken County,65385
1084,McCreary County,17465
1085,McLean County,9201
1086,Madison County,91226
1087,Magoffin County,12538
1088,Marion County,19395
1089,Marshall County,31382
1090,Martin County,11452
1091,Mason County,17174
1092,Meade County,28154
1093,Menifee County,6455
1094,Mercer County,21521
1095,Metcalfe County,10107
1096,Monroe County,10659
1097,Montgomery County,27928
1098,Morgan County,13188
1099,Muhlenberg County,30816
1100,Nelson County,45640
1101,Nicholas County,7130
1102,Ohio County,24182
1103,Oldham County,66415
1104,Owen County,10765
1105,Owsley County,4435
1106,Pendleton County,14573
1107,Perry County,26553
1108,Pike County,58883
1109,Powell County,12374
1110,Pulaski County,64449
1111,Robertson County,2134
1112,Rockcastle County,16698
1113,Rowan County,24517
1114,Russell County,17775
1115,Scott County,54873
1116,Shelby County,47421
1117,Simpson County,18108
1118,Spencer County,18507
1119,Taylor County,25472
1120,Todd County,12243
1121,Trigg County,14444
1122,Trimble County,8561
1123,Union County,14668
1124,Warren County,128845
1125,Washington County,12126
1126,Wayne County,20716
1127,Webster County,13018
1128,Whitley County,36214
1129,Wolfe County,7264
1130,Woodford County,26368
1132,Acadia Parish,62590
1133,Allen Parish,25621
1134,Ascension Parish,122948
1135,Assumption Parish,22526
1136,Avoyelles Parish,40980
1137,Beauregard Parish,36928
1138,Bienville Parish,13638
1139,Bossier Parish,127634
1140,Caddo Parish,246581
1141,Calcasieu Parish,202445
1142,Caldwell Parish,9950
1143,Cameron Parish,6912
1144,Catahoula Parish,9875
1145,Claiborne Parish,15969
1146,Concordia Parish,19866
1147,De Soto Parish,27340
1148,East Baton Rouge Parish,446268
1149,East Carroll Parish,7126
1150,East Feliciana Parish,19412
1151,Evangeline Parish,33708
1152,Franklin Parish,20260
1153,Grant Parish,22336
1154,Iberia Parish,72176
1155,Iberville Parish,33027
1156,Jackson Parish,15846
1157,Jefferson Parish,439036
1158,Jefferson Davis Parish,31477
1159,Lafayette Parish,242485
1160,Lafourche Parish,98426
1161,LaSalle Parish,14933
1162,Lincoln Parish,47744
1163,Livingston Parish,138228
1164,Madison Parish,11316
1165,Morehouse Parish,25641
1166,Natchitoches Parish,39021
1167,Orleans Parish,393292
1168,Ouachita Parish,155874
1169,Plaquemines Parish,23348
1170,Pointe Coupee Parish,22268
1171,Rapides Parish,131648
1172,Red River Parish,8536
1173,Richland Parish,20411
1174,Sabine Parish,24018
1175,St. Bernard Parish,46202
1176,St. Charles Parish,52749
1177,St. Helena Parish,10363
1178,St. James Parish,21367
1179,St. John the Baptist Parish,43441
1180,St. Landry Parish,83497
1181,St. Martin Parish,54171
1182,St. Mary Parish,50973
1183,St. Tammany Parish,256327
1184,Tangipahoa Parish,132497
1185,Tensas Parish,4615
1186,Terrebonne Parish,112086
1187,Union Parish,22571
1188,Vermilion Parish,60136
1189,Vernon Parish,50726
1190,Washington Parish,46633
1191,Webster Parish,39378
1192,West Baton Rouge Parish,26265
1193,West Carroll Parish,10981
1194,West Feliciana Parish,15380
1195,Winn Parish,14311
1197,Androscoggin County,107651
1198,Aroostook County,67653
1199,Cumberland County,292500
1200,Franklin County,29988
1201,Hancock County,54497
1202,Kennebec County,121821
1203,Knox County,39790
1204,Lincoln County,34204
1205,Oxford County,57439
1206,Penobscot County,151957
1207,Piscataquis County,16773
1208,Sagadahoc County,35392
1209,Somerset County,50626
1210,Waldo County,39832
1211,Washington County,31593
1212,York County,204191
1214,Allegany County,71615
1215,Anne Arundel County,573235
1216,Baltimore County,832468
1217,Calvert County,91502
1218,Caroline County,33193
1219,Carroll County,167781
1220,Cecil County,102746
1221,Charles County,159700
1222,Dorchester County,32162
1223,Frederick County,252022
1224,Garrett County,29233
1225,Harford County,252160
1226,Howard County,321113
1227,Kent County,19384
1228,Montgomery County,1058810
1229,Prince George's County,912756
1230,Queen Anne's County,49770
1231,St. Mary's County,112667
1232,Somerset County,25918
1233,Talbot County,37103
1234,Washington County,150578
1235,Wicomico County,102923
1236,Worcester County,51690
1237,Baltimore city,611648
1239,Barnstable County,213444
1240,Berkshire County,126313
1241,Bristol County,561483
1242,Dukes County,17325
1243,Essex County,785205
1244,Franklin County,70702
1245,Hampden County,469818
1246,Hampshire County,161834
1247,Middlesex County,1602947
1248,Nantucket County,11229
1249,Norfolk County,700322
1250,Plymouth County,515142
1251,Suffolk County,797939
1252,Worcester County,826116
1254,Alcona County,10351
1255,Alger County,9121
1256,Allegan County,116447
1257,Alpena County,28462
1258,Antrim County,23292
1259,Arenac County,15045
1260,Baraga County,8441
1261,Barry County,60586
1262,Bay County,104239
1263,Benzie County,17573
1264,Berrien County,154259
1265,Branch County,43410
1266,Calhoun County,134128
1267,Cass County,51381
1268,Charlevoix County,26139
1269,Cheboygan County,25369
1270,Chippewa County,37711
1271,Clare County,30653
1272,Clinton County,78443
1273,Crawford County,13907
1274,Delta County,35965
1275,Dickinson County,25415
1276,Eaton County,109027
1277,Emmet County,33193
1278,Genesee County,407385
1279,Gladwin County,25234
1280,Gogebic County,15342
1281,Grand Traverse County,91807
1282,Gratiot County,41018
1283,Hillsdale County,45879
1284,Houghton County,36305
1285,Huron County,31280
1286,Ingham County,290186
1287,Ionia County,64291
1288,Iosco County,25162
1289,Iron County,11124
1290,Isabella County,71063
1291,Jackson County,158640
1292,Kalamazoo County,262985
1293,Kalkaska County,17634
1294,Kent County,648594
1295,Keweenaw County,2105
1296,Lake County,12013
1297,Lapeer County,88174
1298,Leelanau County,21657
1299,Lenawee County,98623
1300,Livingston County,189651
1301,Luce County,6358
1302,Mackinac County,10712
1303,Macomb County,871375
1304,Manistee County,24427
1305,Marquette County,66502
1306,Mason County,29073
1307,Mecosta County,43391
1308,Menominee County,23046
1309,Midland County,83411
1310,Missaukee County,14998
1311,Monroe County,149649
1312,Montcalm County,63550
1313,Montmorency County,9250
1314,Muskegon County,173693
1315,Newaygo County,48242
1316,Oakland County,1250836
1317,Oceana County,26442
1318,Ogemaw County,20981
1319,Ontonagon County,5881
1320,Osceola County,23260
1321,Oscoda County,8287
1322,Otsego County,24538
1323,Ottawa County,286383
1324,Presque Isle County,12791
1325,Roscommon County,23895
1326,Saginaw County,191934
1327,St. Clair County,159350
1328,St. Joseph County,60947
1329,Sanilac County,41269
1330,Schoolcraft County,8049
1331,Shiawassee County,68446
1332,Tuscola County,52764
1333,Van Buren County,75353
1334,Washtenaw County,367627
1335,Wayne County,1753616
1336,Wexford County,33276
1338,Aitkin County,15829
1339,Anoka County,351373
1340,Becker County,34098
1341,Beltrami County,46513
1342,Benton County,39937
1343,Big Stone County,5026
1344,Blue Earth County,66973
1345,Brown County,25194
1346,Carlton County,35498
1347,Carver County,102119
1348,Cass County,29355
1349,Chippewa County,11980
1350,Chisago County,55308
1351,Clay County,63569
1352,Clearwater County,8878
1353,Cook County,5398
1354,Cottonwood County,11295
1355,Crow Wing County,64424
1356,Dakota County,421751
1357,Dodge County,20762
1358,Douglas County,37575
1359,Faribault County,13784
1360,Fillmore County,20980
1361,Freeborn County,30535
1362,Goodhue County,46304
1363,Grant County,5941
1364,Hennepin County,1252024
1365,Houston County,18660
1366,Hubbard County,21018
1367,Isanti County,39582
1368,Itasca County,45137
1369,Jackson County,9946
1370,Kanabec County,16024
1371,Kandiyohi County,42743
1372,Kittson County,4250
1373,Koochiching County,12528
1374,Lac qui Parle County,6685
1375,Lake County,10524
1376,Lake of the Woods County,3744
1377,Le Sueur County,28111
1378,Lincoln County,5678
1379,Lyon County,25831
1380,McLeod County,35884
1381,Mahnomen County,5596
1382,Marshall County,9356
1383,Martin County,19850
1384,Meeker County,23131
1385,Mille Lacs County,25872
1386,Morrison County,33064
1387,Mower County,39566
1388,Murray County,8346
1389,Nicollet County,33966
1390,Nobles County,21944
1391,Norman County,6597
1392,Olmsted County,154930
1393,Otter Tail County,58345
1394,Pennington County,14238
1395,Pine County,29203
1396,Pipestone County,9087
1397,Polk County,31619
1398,Pope County,10970
1399,Ramsey County,547974
1400,Red Lake County,4030
1401,Redwood County,15272
1402,Renville County,14645
1403,Rice County,65968
1404,Rock County,9490
1405,Roseau County,15327
1406,St. Louis County,200000
1407,Scott County,145827
1408,Sherburne County,94570
1409,Sibley County,14869
1410,Stearns County,157822
1411,Steele County,36887
1412,Stevens County,9634
1413,Swift County,9407
1414,Todd County,24515
1415,Traverse County,3319
1416,Wabasha County,21608
1417,Wadena County,13669
1418,Waseca County,18787
1419,Washington County,256348
1420,Watonwan County,10840
1421,Wilkin County,6324
1422,Winona County,50873
1423,Wright County,134286
1424,Yellow Medicine County,9867
1426,Adams County,31003
1427,Alcorn County,37210
1428,Amite County,12447
1429,Attala County,18477
1430,Benton County,8312
1431,Bolivar County,31945
1432,Calhoun County,14492
1433,Carroll County,10139
1434,Chickasaw County,17146
1435,Choctaw County,8278
1436,Claiborne County,8950
1437,Clarke County,15828
1438,Clay County,19640
1439,Coahoma County,23154
1440,Copiah County,28516
1441,Covington County,19079
1442,DeSoto County,178751
1443,Forrest County,75471
1444,Franklin County,7765
1445,George County,24094
1446,Greene County,13345
1447,Grenada County,21087
1448,Hancock County,47053
1449,Harrison County,205027
1450,Hinds County,239497
1451,Holmes County,17739
1452,Humphreys County,8342
1453,Issaquena County,1339
1454,Itawamba County,23508
1455,Jackson County,142152
1456,Jasper County,16582
1457,Jefferson County,7262
1458,Jefferson Davis County,11314
1459,Jones County,67930
1460,Kemper County,9883
1461,Lafayette County,54374
1462,Lamar County,61374
1463,Lauderdale County,76155
1464,Lawrence County,12643
1465,Leake County,22715
1466,Lee County,84933
1467,Leflore County,29223
1468,Lincoln County,34347
1469,Lowndes County,59186
1470,Madison County,104618
1471,Marion County,25069
1472,Marshall County,35619
1473,Monroe County,35872
1474,Montgomery County,10173
1475,Neshoba County,29369
1476,Newton County,21185
1477,Noxubee County,10742
1478,Oktibbeha County,49799
1479,Panola County,33994
1480,Pearl River County,55270
1481,Perry County,12032
1482,Pike County,39468
1483,Pontotoc County,31640
1484,Prentiss County,25261
1485,Quitman County,7269
1486,Rankin County,152080
1487,Scott County,28420
1488,Sharkey County,4435
1489,Simpson County,26947
1490,Smith County,16078
1491,Stone County,18112
1492,Sunflower County,25981
1493,Tallahatchie County,14125
1494,Tate County,28441
1495,Tippah County,21969
1496,Tishomingo County,19542
1497,Tunica County,10024
1498,Union County,28556
1499,Walthall County,14499
1500,Warren County,46768
1501,Washington County,46221
1502,Wayne County,20446
1503,Webster County,9765
1504,Wilkinson County,8804
1505,Winston County,18246
1506,Yalobusha County,12497
1507,Yazoo County,27057
1509,Adair County,25377
1510,Andrew County,17555
1511,Atchison County,5275
1512,Audrain County,25641
1513,Barry County,35668
1514,Barton County,11850
1515,Bates County,16334
1516,Benton County,19074
1517,Bollinger County,12306
1518,Boone County,178271
1519,Buchanan County,89065
1520,Butler County,42666
1521,Caldwell County,9100
1522,Callaway County,45032
1523,Camden County,45632
1524,Cape Girardeau County,78161
1525,Carroll County,8796
1526,Carter County,6169
1527,Cass County,103724
1528,Cedar County,14073
1529,Chariton County,7480
1530,Christian County,85432
1531,Clark County,6723
1532,Clay County,242874
1533,Clinton County,20554
1534,Cole County,76708
1535,Cooper County,17644
1536,Crawford County,24102
1537,Dade County,7588
1538,Dallas County,16673
1539,Daviess County,8361
1540,DeKalb County,12588
1541,Dent County,15480
1542,Douglas County,13300
1543,Dunklin County,30119
1544,Franklin County,103330
1545,Gasconade County,14726
1546,Gentry County,6665
1547,Greene County,289805
1548,Grundy County,9949
1549,Harrison County,8524
1550,Henry County,21718
1551,Hickory County,9475
1552,Holt County,4413
1553,Howard County,10139
1554,Howell County,40103
1555,Iron County,10226
1556,Jackson County,698895
1557,Jasper County,120217
1558,Jefferson County,223810
1559,Johnson County,53897
1560,Knox County,3977
1561,Laclede County,35443
1562,Lafayette County,32641
1563,Lawrence County,38434
1564,Lewis County,9967
1565,Lincoln County,56183
1566,Linn County,12194
1567,Livingston County,15173
1568,McDonald County,22828
1569,Macon County,15251
1570,Madison County,12243
1571,Maries County,8867
1572,Marion County,28634
1573,Mercer County,3678
1574,Miller County,25228
1575,Mississippi County,13586
1576,Moniteau County,16063
1577,Monroe County,8612
1578,Montgomery County,11438
1579,Morgan County,20145
1580,New Madrid County,17582
1581,Newton County,58290
1582,Nodaway County,22472
1583,Oregon County,10558
1584,Osage County,13662
1585,Ozark County,9186
1586,Pemiscot County,16826
1587,Perry County,19225
1588,Pettis County,42558
1589,Phelps County,44744
1590,Pike County,18567
1591,Platte County,101187
1592,Polk County,31794
1593,Pulaski County,52059
1594,Putnam County,4811
1595,Ralls County,10224
1596,Randolph County,24945
1597,Ray County,22855
1598,Reynolds County,6275
1599,Ripley County,13564
1600,St. Charles County,395504
1601,St. Clair County,9362
1602,Ste. Genevieve County,17843
1603,St. Francois County,66705
1604,St. Louis County,996726
1605,Saline County,22660
1606,Schuyler County,4508
1607,Scotland County,4963
1608,Scott County,38541
1609,Shannon County,8249
1610,Shelby County,6021
1611,Stoddard County,29369
1612,Stone County,31699
1613,Sullivan County,6229
1614,Taney County,55355
1615,Texas County,25735
1616,Vernon County,20437
1617,Warren County,34373
1618,Washington County,25022
1619,Wayne County,13296
1620,Webster County,38665
1621,Worth County,2057
1622,Wright County,18331
1623,St. Louis city,308626
1625,Beaverhead County,9434
1626,Big Horn County,13360
1627,Blaine County,6708
1628,Broadwater County,5936
1629,Carbon County,10696
1630,Carter County,1222
1631,Cascade County,81654
1632,Chouteau County,5765
1633,Custer County,11721
1634,Daniels County,1737
1635,Dawson County,8950
1636,Deer Lodge County,9106
1637,Fallon County,3009
1638,Fergus County,11291
1639,Flathead County,100000
1640,Gallatin County,107810
1641,Garfield County,1293
1642,Glacier County,13640
1643,Golden Valley County,822
1644,Granite County,3358
1645,Hill County,16463
1646,Jefferson County,11891
1647,Judith Basin County,1961
1648,Lake County,30273
1649,Lewis and Clark County,67773
1650,Liberty County,2427
1651,Lincoln County,19440
1652,McCone County,1718
1653,Madison County,8175
1654,Meagher County,1851
1655,Mineral County,4255
1656,Missoula County,117441
1657,Musselshell County,4639
1658,Park County,16353
1659,Petroleum County,523
1660,Phillips County,4119
1661,Pondera County,5960
1662,Powder River County,1752
1663,Powell County,6795
1664,Prairie County,1109
1665,Ravalli County,42563
1666,Richland County,11039
1667,Roosevelt County,11098
1668,Rosebud County,9248
1669,Sanders County,11711
1670,Sheridan County,3469
1671,Silver Bow County,34602
1672,Stillwater County,9419
1673,Sweet Grass County,3691
1674,Teton County,6085
1675,Toole County,4886
1676,Treasure County,679
1677,Valley County,7433
1678,Wheatland County,2140
1679,Wibaux County,1020
1680,Yellowstone County,158980
1682,Adams County,31678
1683,Antelope County,6362
1684,Arthur County,457
1685,Banner County,742
1686,Blaine County,482
1687,Boone County,5352
1688,Box Butte County,10886
1689,Boyd County,1977
1690,Brown County,3014
1691,Buffalo County,49732
1692,Burt County,6535
1693,Butler County,8053
1694,Cass County,25889
1695,Cedar County,8530
1696,Chase County,3971
1697,Cherry County,5818
1698,Cheyenne County,9676
1699,Clay County,6205
1700,Colfax County,10585
1701,Cuming County,9042
1702,Custer County,10897
1703,Dakota County,20186
1704,Dawes County,8890
1705,Dawson County,23709
1706,Deuel County,1883
1707,Dixon County,5754
1708,Dodge County,36707
1709,Douglas County,561620
1710,Dundy County,1801
1711,Fillmore County,5582
1712,Franklin County,2990
1713,Frontier County,2631
1714,Furnas County,4780
1715,Gage County,21601
1716,Garden County,1906
1717,Garfield County,2016
1718,Gosper County,2028
1719,Grant County,649
1720,Greeley County,2374
1721,Hall County,61519
1722,Hamilton County,9207
1723,Harlan County,3443
1724,Hayes County,893
1725,Hitchcock County,2834
1726,Holt County,10202
1727,Hooker County,674
1728,Howard County,6437
1729,Jefferson County,7178
1730,Johnson County,5185
1731,Kearney County,6530
1732,Keith County,8072
1733,Keya Paha County,793
1734,Kimball County,3619
1735,Knox County,8472
1736,Lancaster County,314358
1737,Lincoln County,35280
1738,Logan County,768
1739,Loup County,609
1740,McPherson County,499
1741,Madison County,35144
1742,Merrick County,7882
1743,Morrill County,4836
1744,Nance County,3607
1745,Nemaha County,6949
1746,Nuckolls County,4275
1747,Otoe County,16027
1748,Pawnee County,2641
1749,Perkins County,2903
1750,Phelps County,9060
1751,Pierce County,7138
1752,Platte County,33175
1753,Polk County,5328
1754,Red Willow County,10728
1755,Richardson County,7969
1756,Rock County,1436
1757,Saline County,14441
1758,Sarpy County,181439
1759,Saunders County,21057
1760,Scotts Bluff County,36363
1761,Seward County,17161
1762,Sheridan County,5289
1763,Sherman County,3086
1764,Sioux County,1203
1765,Stanton County,5988
1766,Thayer County,5045
1767,Thomas County,725
1768,Thurston County,7223
1769,Valley County,4209
1770,Washington County,20721
1771,Wayne County,9318
1772,Webster County,3524
1773,Wheeler County,818
1774,York County,13806
1776,Churchill County,24230
1777,Clark County,2204079
1778,Douglas County,48309
1779,Elko County,52649
1780,Esmeralda County,850
1781,Eureka County,1961
1782,Humboldt County,16826
1783,Lander County,5693
1784,Lincoln County,5223
1785,Lyon County,54122
1786,Mineral County,4457
1787,Nye County,44202
1788,Pershing County,6508
1789,Storey County,4006
1790,Washoe County,460587
1791,White Pine County,9592
1792,Carson City,54745
1794,Belknap County,60785
1795,Carroll County,48064
1796,Cheshire County,75960
1797,Coos County,31634
1798,Grafton County,89386
1799,Hillsborough County,409697
1800,Merrimack County,149216
1801,Rockingham County,306363
1802,Strafford County,128613
1803,Sullivan County,43077
1805,Atlantic County,269918
1806,Bergen County,948406
1807,Burlington County,448596
1808,Camden County,510719
1809,Cape May County,93553
1810,Cumberland County,152538
1811,Essex County,808285
1812,Gloucester County,292206
1813,Hudson County,691643
1814,Hunterdon County,125059
1815,Mercer County,374733
1816,Middlesex County,842798
1817,Monmouth County,626351
1818,Morris County,499693
1819,Ocean County,597943
1820,Passaic County,512607
1821,Salem County,62792
1822,Somerset County,335432
1823,Sussex County,141682
1824,Union County,563892
1825,Warren County,106798
1827,Bernalillo County,676773
1828,Catron County,3587
1829,Chaves County,64866
1830,Cibola County,26853
1831,Colfax County,12174
1832,Curry County,49812
1833,De Baca County,1829
1834,Do√±a Ana County,215579
1835,Eddy County,56997
1836,Grant County,27687
1837,Guadalupe County,4429
1838,Harding County,692
1839,Hidalgo County,4305
1840,Lea County,68759
1841,Lincoln County,19395
1842,Los Alamos County,18738
1843,Luna County,24078
1844,McKinley County,72564
1845,Mora County,4551
1846,Otero County,65817
1847,Quay County,8306
1848,Rio Arriba County,39159
1849,Roosevelt County,18847
1850,Sandoval County,142507
1851,San Juan County,126926
1852,San Miguel County,27748
1853,Santa Fe County,148750
1854,Sierra County,11116
1855,Socorro County,16798
1856,Taos County,32795
1857,Torrance County,15506
1858,Union County,4187
1859,Valencia County,75940
1861,Albany County,309612
1862,Allegany County,46894
1863,Bronx County,1471160
1864,Broome County,193639
1865,Cattaraugus County,77348
1866,Cayuga County,77603
1867,Chautauqua County,129046
1868,Chemung County,85557
1869,Chenango County,47863
1870,Clinton County,80980
1871,Columbia County,60604
1872,Cortland County,47786
1873,Delaware County,45001
1874,Dutchess County,295568
1875,Erie County,925528
1876,Essex County,37956
1877,Franklin County,51116
1878,Fulton County,53877
1879,Genesee County,57956
1880,Greene County,47470
1881,Hamilton County,4485
1882,Herkimer County,62240
1883,Jefferson County,114187
1884,Kings County,2648771
1885,Lewis County,26551
1886,Livingston County,63799
1887,Madison County,70965
1888,Monroe County,747642
1889,Montgomery County,49258
1890,Nassau County,1369514
1891,New York County,1664727
1892,Niagara County,211328
1893,Oneida County,231332
1894,Onondaga County,465398
1895,Ontario County,109899
1896,Orange County,382226
1897,Orleans County,40983
1898,Oswego County,118478
1899,Otsego County,60094
1900,Putnam County,99323
1901,Queens County,2358582
1902,Rensselaer County,159722
1903,Richmond County,479458
1904,Rockland County,328868
1905,St. Lawrence County,109623
1906,Saratoga County,229869
1907,Schenectady County,155565
1908,Schoharie County,31420
1909,Schuyler County,18000
1910,Seneca County,34498
1911,Steuben County,96281
1912,Suffolk County,1492953
1913,Sullivan County,75485
1914,Tioga County,48578
1915,Tompkins County,104802
1916,Ulster County,179417
1917,Warren County,64532
1918,Washington County,61620
1919,Wayne County,90670
1920,Westchester County,980244
1921,Wyoming County,40493
1922,Yates County,24955
1924,Alamance County,162391
1925,Alexander County,37286
1926,Alleghany County,11031
1927,Anson County,24991
1928,Ashe County,26957
1929,Avery County,17536
1930,Beaufort County,47088
1931,Bertie County,19224
1932,Bladen County,33478
1933,Brunswick County,130897
1934,Buncombe County,257607
1935,Burke County,89293
1936,Cabarrus County,206872
1937,Caldwell County,81981
1938,Camden County,10581
1939,Carteret County,68881
1940,Caswell County,22646
1941,Catawba County,157974
1942,Chatham County,71472
1943,Cherokee County,28087
1944,Chowan County,14105
1945,Clay County,11074
1946,Cleveland County,97334
1947,Columbus County,55936
1948,Craven County,102578
1949,Cumberland County,332546
1950,Currituck County,26331
1951,Dare County,36099
1952,Davidson County,165466
1953,Davie County,42456
1954,Duplin County,59039
1955,Durham County,311640
1956,Edgecombe County,52747
1957,Forsyth County,376320
1958,Franklin County,66168
1959,Gaston County,220182
1960,Gates County,11544
1961,Graham County,8541
1962,Granville County,59557
1963,Greene County,21015
1964,Guilford County,526953
1965,Halifax County,51310
1966,Harnett County,132754
1967,Haywood County,61084
1968,Henderson County,115708
1969,Hertford County,23906
1970,Hoke County,54116
1971,Hyde County,5363
1972,Iredell County,175711
1973,Jackson County,42973
1974,Johnston County,196708
1975,Jones County,9597
1976,Lee County,60430
1977,Lenoir County,56883
1978,Lincoln County,82403
1979,McDowell County,45159
1980,Macon County,34732
1981,Madison County,21746
1982,Martin County,22789
1983,Mecklenburg County,1076837
1984,Mitchell County,15072
1985,Montgomery County,27435
1986,Moore County,97264
1987,Nash County,93991
1988,New Hanover County,227198
1989,Northampton County,19862
1990,Onslow County,193893
1991,Orange County,144946
1992,Pamlico County,12689
1993,Pasquotank County,39743
1994,Pender County,60958
1995,Perquimans County,13474
1996,Person County,39370
1997,Pitt County,179042
1998,Polk County,20558
1999,Randolph County,143282
2000,Richmond County,44798
2001,Robeson County,132606
2002,Rockingham County,90949
2003,Rowan County,140644
2004,Rutherford County,66551
2005,Sampson County,63430
2006,Scotland County,35093
2007,Stanly County,61482
2008,Stokes County,45717
2009,Surry County,72224
2010,Swain County,14294
2011,Transylvania County,33956
2012,Tyrrell County,4052
2013,Union County,231366
2014,Vance County,44211
2015,Wake County,1072203
2016,Warren County,19883
2017,Washington County,12012
2018,Watauga County,55121
2019,Wayne County,124172
2020,Wilkes County,68576
2021,Wilson County,81671
2022,Yadkin County,37774
2023,Yancey County,17744
2025,Adams County,2318
2026,Barnes County,10734
2027,Benson County,6936
2028,Billings County,940
2029,Bottineau County,6530
2030,Bowman County,3166
2031,Burke County,2131
2032,Burleigh County,95030
2033,Cass County,177787
2034,Cavalier County,3762
2035,Dickey County,4861
2036,Divide County,2288
2037,Dunn County,4289
2038,Eddy County,2316
2039,Emmons County,3301
2040,Foster County,3257
2041,Golden Valley County,1789
2042,Grand Forks County,70795
2043,Grant County,2376
2044,Griggs County,2258
2045,Hettinger County,2483
2046,Kidder County,2482
2047,LaMoure County,4087
2048,Logan County,1918
2049,McHenry County,5900
2050,McIntosh County,2606
2051,McKenzie County,12724
2052,McLean County,9685
2053,Mercer County,8465
2054,Morton County,30796
2055,Mountrail County,10265
2056,Nelson County,2937
2057,Oliver County,1940
2058,Pembina County,6972
2059,Pierce County,4099
2060,Ramsey County,11519
2061,Ransom County,5297
2062,Renville County,2463
2063,Richland County,16351
2064,Rolette County,14531
2065,Sargent County,3858
2066,Sheridan County,1353
2067,Sioux County,4376
2068,Slope County,771
2069,Stark County,30209
2070,Steele County,1917
2071,Stutsman County,21087
2072,Towner County,2253
2073,Traill County,8013
2074,Walsh County,10855
2075,Ward County,68946
2076,Wells County,4022
2077,Williams County,33349
2079,Adams County,27726
2080,Allen County,103198
2081,Ashland County,53628
2082,Ashtabula County,97807
2083,Athens County,66597
2084,Auglaize County,45778
2085,Belmont County,68029
2086,Brown County,43576
2087,Butler County,380604
2088,Carroll County,27385
2089,Champaign County,38840
2090,Clark County,134557
2091,Clermont County,204214
2092,Clinton County,42009
2093,Columbiana County,103077
2094,Coshocton County,36544
2095,Crawford County,41746
2096,Cuyahoga County,1248514
2097,Darke County,51536
2098,Defiance County,38156
2099,Delaware County,200464
2100,Erie County,74817
2101,Fairfield County,154733
2102,Fayette County,28752
2103,Franklin County,1291981
2104,Fulton County,42289
2105,Gallia County,29973
2106,Geauga County,93918
2107,Greene County,166752
2108,Guernsey County,39093
2109,Hamilton County,813822
2110,Hancock County,75754
2111,Hardin County,31364
2112,Harrison County,15216
2113,Henry County,27185
2114,Highland County,42971
2115,Hocking County,28474
2116,Holmes County,43957
2117,Huron County,58494
2118,Jackson County,32449
2119,Jefferson County,66359
2120,Knox County,61261
2121,Lake County,230117
2122,Lawrence County,60249
2123,Licking County,173448
2124,Logan County,45325
2125,Lorain County,307924
2126,Lucas County,430887
2127,Madison County,44036
2128,Mahoning County,229796
2129,Marion County,64967
2130,Medina County,178371
2131,Meigs County,23080
2132,Mercer County,40873
2133,Miami County,105122
2134,Monroe County,13946
2135,Montgomery County,531542
2136,Morgan County,14709
2137,Morrow County,34994
2138,Muskingum County,86149
2139,Noble County,14406
2140,Ottawa County,40657
2141,Paulding County,18845
2142,Perry County,36024
2143,Pickaway County,57830
2144,Pike County,28270
2145,Portage County,162277
2146,Preble County,41120
2147,Putnam County,33878
2148,Richland County,120589
2149,Ross County,77313
2150,Sandusky County,59195
2151,Scioto County,75929
2152,Seneca County,55243
2153,Shelby County,48759
2154,Stark County,372542
2155,Summit County,541228
2156,Trumbull County,200380
2157,Tuscarawas County,92297
2158,Union County,56741
2159,Van Wert County,28217
2160,Vinton County,13092
2161,Warren County,228882
2162,Washington County,60418
2163,Wayne County,116038
2164,Williams County,36784
2165,Wood County,130492
2166,Wyandot County,22029
2168,Adair County,21909
2169,Alfalfa County,5907
2170,Atoka County,13887
2171,Beaver County,5315
2172,Beckham County,21793
2173,Blaine County,9498
2174,Bryan County,46319
2175,Caddo County,29173
2176,Canadian County,139926
2177,Carter County,48190
2178,Cherokee County,48888
2179,Choctaw County,14863
2180,Cimarron County,2154
2181,Cleveland County,279641
2182,Coal County,5642
2183,Comanche County,121526
2184,Cotton County,5823
2185,Craig County,14327
2186,Creek County,71704
2187,Custer County,28800
2188,Delaware County,42602
2189,Dewey County,4878
2190,Ellis County,3966
2191,Garfield County,61581
2192,Garvin County,27909
2193,Grady County,54943
2194,Grant County,4395
2195,Greer County,5843
2196,Harmon County,2689
2197,Harper County,3808
2198,Haskell County,12763
2199,Hughes County,13302
2200,Jackson County,25125
2201,Jefferson County,6183
2202,Johnston County,11060
2203,Kay County,44544
2204,Kingfisher County,15669
2205,Kiowa County,8893
2206,Latimer County,10411
2207,Le Flore County,49731
2208,Lincoln County,35142
2209,Logan County,46784
2210,Love County,10034
2211,McClain County,39343
2212,McCurtain County,32808
2213,McIntosh County,19742
2214,Major County,7693
2215,Marshall County,16434
2216,Mayes County,40921
2217,Murray County,13853
2218,Muskogee County,69086
2219,Noble County,11277
2220,Nowata County,10306
2221,Okfuskee County,12140
2222,Oklahoma County,787958
2223,Okmulgee County,38930
2224,Osage County,47233
2225,Ottawa County,31312
2226,Pawnee County,16472
2227,Payne County,81575
2228,Pittsburg County,44184
2229,Pontotoc County,38224
2230,Pottawatomie County,72226
2231,Pushmataha County,11173
2232,Roger Mills County,3716
2233,Rogers County,91444
2234,Seminole County,24878
2235,Sequoyah County,41252
2236,Stephens County,43332
2237,Texas County,20900
2238,Tillman County,7433
2239,Tulsa County,646266
2240,Wagoner County,78657
2241,Washington County,51932
2242,Washita County,11134
2243,Woods County,9031
2244,Woodward County,20459
2246,Baker County,16054
2247,Benton County,90951
2248,Clackamas County,412672
2249,Clatsop County,39182
2250,Columbia County,51782
2251,Coos County,63888
2252,Crook County,23123
2253,Curry County,22669
2254,Deschutes County,186875
2255,Douglas County,109405
2256,Gilliam County,1855
2257,Grant County,7190
2258,Harney County,7289
2259,Hood River County,23377
2260,Jackson County,217479
2261,Jefferson County,23758
2262,Josephine County,86352
2263,Klamath County,66935
2264,Lake County,7863
2265,Lane County,374748
2266,Lincoln County,48920
2267,Linn County,125047
2268,Malheur County,30480
2269,Marion County,341286
2270,Morrow County,11166
2271,Multnomah County,807555
2272,Polk County,83696
2273,Sherman County,1758
2274,Tillamook County,26690
2275,Umatilla County,76985
2276,Union County,26222
2277,Wallowa County,7051
2278,Wasco County,26437
2279,Washington County,588957
2280,Wheeler County,1357
2281,Yamhill County,105722
2283,Adams County,102336
2284,Allegheny County,1223048
2285,Armstrong County,65642
2286,Beaver County,166140
2287,Bedford County,48480
2288,Berks County,417854
2289,Blair County,123457
2290,Bradford County,60853
2291,Bucks County,628341
2292,Butler County,187108
2293,Cambria County,133054
2294,Cameron County,4592
2295,Carbon County,63853
2296,Centre County,162660
2297,Chester County,519293
2298,Clarion County,38458
2299,Clearfield County,79685
2300,Clinton County,38998
2301,Columbia County,65932
2302,Crawford County,86159
2303,Cumberland County,250066
2304,Dauphin County,275710
2305,Delaware County,564696
2306,Elk County,30197
2307,Erie County,274541
2308,Fayette County,131504
2309,Forest County,7297
2310,Franklin County,154234
2311,Fulton County,14590
2312,Greene County,36770
2313,Huntingdon County,45491
2314,Indiana County,84953
2315,Jefferson County,43804
2316,Juniata County,24514
2317,Lackawanna County,210761
2318,Lancaster County,542903
2319,Lawrence County,87069
2320,Lebanon County,139754
2321,Lehigh County,366494
2322,Luzerne County,317343
2323,Lycoming County,113841
2324,McKean County,41330
2325,Mercer County,111750
2326,Mifflin County,46388
2327,Monroe County,168046
2328,Montgomery County,826075
2329,Montour County,18272
2330,Northampton County,303405
2331,Northumberland County,92029
2332,Perry County,46127
2333,Philadelphia County,1580863
2334,Pike County,55691
2335,Potter County,16802
2336,Schuylkill County,142569
2337,Snyder County,40801
2338,Somerset County,74501
2339,Sullivan County,6089
2340,Susquehanna County,40985
2341,Tioga County,40793
2342,Union County,44595
2343,Venango County,51762
2344,Warren County,39659
2345,Washington County,207298
2346,Wayne County,51205
2347,Westmoreland County,352627
2348,Wyoming County,27322
2349,York County,446078
2351,Bristol County,48912
2352,Kent County,163760
2353,Newport County,83460
2354,Providence County,637357
2355,Washington County,126150
2357,Abbeville County,24722
2358,Aiken County,168179
2359,Allendale County,9002
2360,Anderson County,198759
2361,Bamberg County,14381
2362,Barnwell County,21345
2363,Beaufort County,186844
2364,Berkeley County,217937
2365,Calhoun County,14704
2366,Charleston County,401438
2367,Cherokee County,57105
2368,Chester County,32301
2369,Chesterfield County,45948
2370,Clarendon County,34057
2371,Colleton County,37611
2372,Darlington County,67265
2373,Dillon County,30666
2374,Dorchester County,156456
2375,Edgefield County,26693
2376,Fairfield County,22607
2377,Florence County,138566
2378,Georgetown County,61607
2379,Greenville County,506837
2380,Greenwood County,70355
2381,Hampton County,19602
2382,Horry County,333268
2383,Jasper County,28458
2384,Kershaw County,65036
2385,Lancaster County,92550
2386,Laurens County,66848
2387,Lee County,17350
2388,Lexington County,290642
2389,McCormick County,9545
2390,Marion County,31293
2391,Marlboro County,26825
2392,Newberry County,38488
2393,Oconee County,77270
2394,Orangeburg County,87476
2395,Pickens County,123479
2396,Richland County,411592
2397,Saluda County,20452
2398,Spartanburg County,306854
2399,Sumter County,106847
2400,Union County,27537
2401,Williamsburg County,31133
2402,York County,266439
2404,Aurora County,2738
2405,Beadle County,18157
2406,Bennett County,3454
2407,Bon Homme County,6984
2408,Brookings County,34255
2409,Brown County,39178
2410,Brule County,5312
2411,Buffalo County,1999
2412,Butte County,10107
2413,Campbell County,1379
2414,Charles Mix County,9428
2415,Clark County,3668
2416,Clay County,13990
2417,Codington County,28099
2418,Corson County,4203
2419,Custer County,8691
2420,Davison County,19704
2421,Day County,5521
2422,Deuel County,4281
2423,Dewey County,5835
2424,Douglas County,2931
2425,Edmunds County,3919
2426,Fall River County,6687
2427,Faulk County,2329
2428,Grant County,7061
2429,Gregory County,4226
2430,Haakon County,1943
2431,Hamlin County,5948
2432,Hand County,3277
2433,Hanson County,3423
2434,Harding County,1242
2435,Hughes County,17666
2436,Hutchinson County,7358
2437,Hyde County,1318
2438,Jackson County,3289
2439,Jerauld County,2028
2440,Jones County,936
2441,Kingsbury County,4952
2442,Lake County,12809
2443,Lawrence County,25429
2444,Lincoln County,56664
2445,Lyman County,3904
2446,McCook County,5499
2447,McPherson County,2426
2448,Marshall County,4804
2449,Meade County,28018
2450,Mellette County,2088
2451,Miner County,2228
2452,Minnehaha County,188616
2453,Moody County,6579
2454,Oglala Lakota County,14354
2455,Pennington County,110141
2456,Perkins County,2974
2457,Potter County,2231
2458,Roberts County,10278
2459,Sanborn County,2450
2460,Spink County,6410
2461,Stanley County,3011
2462,Sully County,1407
2463,Todd County,10065
2464,Tripp County,5460
2465,Turner County,8315
2466,Union County,15029
2467,Walworth County,5543
2468,Yankton County,22662
2469,Ziebach County,2756
2471,Anderson County,76257
2472,Bedford County,48117
2473,Benton County,15986
2474,Bledsoe County,14717
2475,Blount County,129929
2476,Bradley County,105560
2477,Campbell County,39648
2478,Cannon County,14216
2479,Carroll County,27860
2480,Carter County,56488
2481,Cheatham County,40330
2482,Chester County,17119
2483,Claiborne County,31609
2484,Clay County,7703
2485,Cocke County,35556
2486,Coffee County,55034
2487,Crockett County,14473
2488,Cumberland County,59078
2489,Davidson County,691243
2490,Decatur County,11751
2491,DeKalb County,19852
2492,Dickson County,52853
2493,Dyer County,37463
2494,Fayette County,40036
2495,Fentress County,18136
2496,Franklin County,41652
2497,Gibson County,49111
2498,Giles County,29401
2499,Grainger County,23144
2500,Greene County,68808
2501,Grundy County,13361
2502,Hamblen County,64277
2503,Hamilton County,361613
2504,Hancock County,6600
2505,Hardeman County,25447
2506,Hardin County,25846
2507,Hawkins County,56459
2508,Haywood County,17573
2509,Henderson County,27751
2510,Henry County,32450
2511,Hickman County,24864
2512,Houston County,8213
2513,Humphreys County,18484
2514,Jackson County,11677
2515,Jefferson County,53804
2516,Johnson County,17691
2517,Knox County,461860
2518,Lake County,7468
2519,Lauderdale County,25274
2520,Lawrence County,43396
2521,Lewis County,12035
2522,Lincoln County,33751
2523,Loudon County,52152
2524,McMinn County,52877
2525,McNairy County,26004
2526,Macon County,24079
2527,Madison County,97643
2528,Marion County,28425
2529,Marshall County,32931
2530,Maury County,92163
2531,Meigs County,12068
2532,Monroe County,46240
2533,Montgomery County,200182
2534,Moore County,6384
2535,Morgan County,21636
2536,Obion County,30385
2537,Overton County,22012
2538,Perry County,7975
2539,Pickett County,5073
2540,Polk County,16757
2541,Putnam County,77674
2542,Rhea County,32691
2543,Roane County,53036
2544,Robertson County,70177
2545,Rutherford County,317157
2546,Scott County,21989
2547,Sequatchie County,14736
2548,Sevier County,97638
2549,Shelby County,936961
2550,Smith County,19636
2551,Stewart County,13355
2552,Sullivan County,157158
2553,Sumner County,183545
2554,Tipton County,61366
2555,Trousdale County,10083
2556,Unicoi County,17759
2557,Union County,19442
2558,Van Buren County,5742
2559,Warren County,40651
2560,Washington County,127806
2561,Wayne County,16583
2562,Weakley County,33337
2563,White County,26753
2564,Williamson County,226257
2565,Wilson County,136442
2567,Anderson County,57741
2568,Andrews County,17722
2569,Angelina County,87805
2570,Aransas County,25572
2571,Archer County,8809
2572,Armstrong County,1879
2573,Atascosa County,48981
2574,Austin County,29786
2575,Bailey County,7077
2576,Bandera County,22351
2577,Bastrop County,84761
2578,Baylor County,3581
2579,Bee County,32563
2580,Bell County,347833
2581,Bexar County,1958578
2582,Blanco County,11626
2583,Borden County,673
2584,Bosque County,18326
2585,Bowie County,94012
2586,Brazoria County,362457
2587,Brazos County,222830
2588,Brewster County,9337
2589,Briscoe County,1528
2590,Brooks County,7235
2591,Brown County,38053
2592,Burleson County,18011
2593,Burnet County,46804
2594,Caldwell County,42338
2595,Calhoun County,21744
2596,Callahan County,13946
2597,Cameron County,423725
2598,Camp County,12855
2599,Carson County,6032
2600,Cass County,30012
2601,Castro County,7843
2602,Chambers County,41441
2603,Cherokee County,52240
2604,Childress County,7067
2605,Clay County,10421
2606,Cochran County,2851
2607,Coke County,3306
2608,Coleman County,8430
2609,Collin County,969603
2610,Collingsworth County,2987
2611,Colorado County,21232
2612,Comal County,141009
2613,Comanche County,13573
2614,Concho County,2717
2615,Cooke County,39895
2616,Coryell County,74913
2617,Cottle County,1387
2618,Crane County,4740
2619,Crockett County,3564
2620,Crosby County,5899
2621,Culberson County,2231
2622,Dallam County,7208
2623,Dallas County,2618148
2624,Dawson County,12813
2625,Deaf Smith County,18836
2626,Delta County,5298
2627,Denton County,836210
2628,DeWitt County,20226
2629,Dickens County,2209
2630,Dimmit County,10418
2631,Donley County,3311
2632,Duval County,11273
2633,Eastland County,18411
2634,Ector County,157087
2635,Edwards County,1953
2636,Ellis County,173620
2637,El Paso County,840410
2638,Erath County,41969
2639,Falls County,17437
2640,Fannin County,34446
2641,Fayette County,25272
2642,Fisher County,3880
2643,Floyd County,5855
2644,Foard County,1222
2645,Fort Bend County,764828
2646,Franklin County,10767
2647,Freestone County,19625
2648,Frio County,19600
2649,Gaines County,20638
2650,Galveston County,335036
2651,Garza County,6528
2652,Gillespie County,26646
2653,Glasscock County,1348
2654,Goliad County,7562
2655,Gonzales County,20893
2656,Gray County,22404
2657,Grayson County,131140
2658,Gregg County,123367
2659,Grimes County,28082
2660,Guadalupe County,159659
2661,Hale County,34134
2662,Hall County,3071
2663,Hamilton County,8422
2664,Hansford County,5447
2665,Hardeman County,3994
2666,Hardin County,57139
2667,Harris County,4652980
2668,Harrison County,66661
2669,Hartley County,5691
2670,Haskell County,5746
2671,Hays County,214485
2672,Hemphill County,4024
2673,Henderson County,81064
2674,Hidalgo County,860661
2675,Hill County,35852
2676,Hockley County,23088
2677,Hood County,58273
2678,Hopkins County,36496
2679,Houston County,23021
2680,Howard County,36040
2681,Hudspeth County,4408
2682,Hunt County,93872
2683,Hutchinson County,21375
2684,Irion County,1516
2685,Jack County,8832
2686,Jackson County,14805
2687,Jasper County,35561
2688,Jeff Davis County,2280
2689,Jefferson County,256299
2690,Jim Hogg County,5202
2691,Jim Wells County,40871
2692,Johnson County,167301
2693,Jones County,19983
2694,Karnes County,15187
2695,Kaufman County,122883
2696,Kendall County,44026
2697,Kenedy County,417
2698,Kent County,763
2699,Kerr County,51720
2700,Kimble County,4410
2701,King County,296
2702,Kinney County,3745
2703,Kleberg County,31088
2704,Knox County,3710
2705,Lamar County,49587
2706,Lamb County,13210
2707,Lampasas County,21027
2708,La Salle County,7584
2709,Lavaca County,20062
2710,Lee County,17183
2711,Leon County,17243
2712,Liberty County,83658
2713,Limestone County,23527
2714,Lipscomb County,3378
2715,Live Oak County,12174
2716,Llano County,21210
2717,Loving County,134
2718,Lubbock County,305225
2719,Lynn County,5859
2720,McCulloch County,7957
2721,McLennan County,251259
2722,McMullen County,778
2723,Madison County,14222
2724,Marion County,10064
2725,Martin County,5626
2726,Mason County,4222
2727,Matagorda County,36840
2728,Maverick County,58216
2729,Medina County,50066
2730,Menard County,2124
2731,Midland County,165049
2732,Milam County,25053
2733,Mills County,4921
2734,Mitchell County,8468
2735,Montague County,19539
2736,Montgomery County,570934
2737,Moore County,22097
2738,Morris County,12467
2739,Motley County,1230
2740,Nacogdoches County,65580
2741,Navarro County,48701
2742,Newton County,13952
2743,Nolan County,14770
2744,Nueces County,361221
2745,Ochiltree County,10073
2746,Oldham County,2114
2747,Orange County,85047
2748,Palo Pinto County,28570
2749,Panola County,23243
2750,Parker County,133463
2751,Parmer County,9842
2752,Pecos County,15634
2753,Polk County,49162
2754,Potter County,120458
2755,Presidio County,7156
2756,Rains County,11762
2757,Randall County,134442
2758,Reagan County,3710
2759,Real County,3429
2760,Red River County,12229
2761,Reeves County,15281
2762,Refugio County,7224
2763,Roberts County,938
2764,Robertson County,17203
2765,Rockwall County,96788
2766,Runnels County,10266
2767,Rusk County,52833
2768,Sabine County,10461
2769,San Augustine County,8253
2770,San Jacinto County,28270
2771,San Patricio County,67215
2772,San Saba County,5959
2773,Schleicher County,3001
2774,Scurry County,17050
2775,Shackelford County,3328
2776,Shelby County,25513
2777,Sherman County,3067
2778,Smith County,227727
2779,Somervell County,8845
2780,Starr County,64454
2781,Stephens County,9337
2782,Sterling County,1295
2783,Stonewall County,1388
2784,Sutton County,3767
2785,Swisher County,7515
2786,Tarrant County,2054475
2787,Taylor County,136290
2788,Terrell County,810
2789,Terry County,12715
2790,Throckmorton County,1527
2791,Titus County,32904
2792,Tom Green County,118019
2793,Travis County,1226698
2794,Trinity County,14667
2795,Tyler County,21539
2796,Upshur County,41281
2797,Upton County,3663
2798,Uvalde County,27132
2799,Val Verde County,49205
2800,Van Zandt County,55182
2801,Victoria County,92084
2802,Walker County,72245
2803,Waller County,51307
2804,Ward County,11472
2805,Washington County,35043
2806,Webb County,274794
2807,Wharton County,41968
2808,Wheeler County,5358
2809,Wichita County,132000
2810,Wilbarger County,12764
2811,Willacy County,21584
2812,Williamson County,547545
2813,Wilson County,49304
2814,Winkler County,7574
2815,Wise County,66181
2816,Wood County,44314
2817,Yoakum County,8568
2818,Young County,17979
2819,Zapata County,14322
2820,Zavala County,11948
2822,Beaver County,6386
2823,Box Elder County,54079
2824,Cache County,124438
2825,Carbon County,20295
2826,Daggett County,1029
2827,Davis County,347637
2828,Duchesne County,20026
2829,Emery County,10077
2830,Garfield County,5078
2831,Grand County,9674
2832,Iron County,51001
2833,Juab County,11250
2834,Kane County,7567
2835,Millard County,12863
2836,Morgan County,11873
2837,Piute County,1420
2838,Rich County,2391
2839,Salt Lake County,1135649
2840,San Juan County,15356
2841,Sanpete County,30035
2842,Sevier County,21316
2843,Summit County,41106
2844,Tooele County,67456
2845,Uintah County,35150
2846,Utah County,606425
2847,Wasatch County,32106
2848,Washington County,165662
2849,Wayne County,2719
2850,Weber County,251769
2852,Addison County,36776
2853,Bennington County,35594
2854,Caledonia County,30164
2855,Chittenden County,162372
2856,Essex County,6230
2857,Franklin County,49025
2858,Grand Isle County,6998
2859,Lamoille County,25337
2860,Orange County,28974
2861,Orleans County,26841
2862,Rutland County,59087
2863,Washington County,58290
2864,Windham County,42869
2865,Windsor County,55100
2867,Accomack County,32545
2868,Albemarle County,107702
2869,Alleghany County,15122
2870,Amelia County,13020
2871,Amherst County,31594
2872,Appomattox County,15681
2873,Arlington County,234965
2874,Augusta County,75144
2875,Bath County,4297
2876,Bedford County,77974
2877,Bland County,6350
2878,Botetourt County,33192
2879,Brunswick County,16244
2880,Buchanan County,21514
2881,Buckingham County,17065
2882,Campbell County,55010
2883,Caroline County,30461
2884,Carroll County,29708
2885,Charles City County,7004
2886,Charlotte County,12119
2887,Chesterfield County,343599
2888,Clarke County,14508
2889,Craig County,5062
2890,Culpeper County,51282
2891,Cumberland County,9811
2892,Dickenson County,14782
2893,Dinwiddie County,28208
2894,Essex County,11028
2895,Fairfax County,1148433
2896,Fauquier County,69465
2897,Floyd County,15755
2898,Fluvanna County,26452
2899,Franklin County,56445
2900,Frederick County,86484
2901,Giles County,16837
2902,Gloucester County,37292
2903,Goochland County,22685
2904,Grayson County,15665
2905,Greene County,19612
2906,Greensville County,11679
2907,Halifax County,34563
2908,Hanover County,105923
2909,Henrico County,327898
2910,Henry County,51227
2911,Highland County,2212
2912,Isle of Wight County,36552
2913,James City County,75524
2914,King and Queen County,7003
2915,King George County,26337
2916,King William County,16708
2917,Lancaster County,10788
2918,Lee County,23758
2919,Loudoun County,398080
2920,Louisa County,35860
2921,Lunenburg County,12235
2922,Madison County,13277
2923,Mathews County,8779
2924,Mecklenburg County,30686
2925,Middlesex County,10679
2926,Montgomery County,98559
2927,Nelson County,14943
2928,New Kent County,21682
2929,Northampton County,11846
2930,Northumberland County,12275
2931,Nottoway County,15434
2932,Orange County,36073
2933,Page County,23731
2934,Patrick County,17665
2935,Pittsylvania County,61258
2936,Powhatan County,28601
2937,Prince Edward County,22703
2938,Prince George County,37809
2939,Prince William County,463023
2940,Pulaski County,34184
2941,Rappahannock County,7321
2942,Richmond County,8939
2943,Roanoke County,93730
2944,Rockbridge County,22659
2945,Rockingham County,80227
2946,Russell County,27048
2947,Scott County,21865
2948,Shenandoah County,43225
2949,Smyth County,30656
2950,Southampton County,17750
2951,Spotsylvania County,133033
2952,Stafford County,146649
2953,Surry County,6540
2954,Sussex County,11373
2955,Tazewell County,41095
2956,Warren County,39563
2957,Washington County,54387
2958,Westmoreland County,17780
2959,Wise County,38586
2960,Wythe County,28882
2961,York County,67739
2962,Alexandria city,160035
2963,Bristol city,16790
2964,Buena Vista city,6327
2965,Charlottesville city,48019
2966,Chesapeake city,240397
2967,Colonial Heights city,17830
2968,Covington city,5531
2969,Danville city,41130
2970,Emporia city,5282
2971,Fairfax city,24097
2972,Falls Church city,14583
2973,Franklin city,8176
2974,Fredericksburg city,28360
2975,Galax city,6625
2976,Hampton city,134669
2977,Harrisonburg city,54215
2978,Hopewell city,22621
2979,Lexington city,7106
2980,Lynchburg city,80995
2981,Manassas city,41501
2982,Manassas Park city,16591
2983,Martinsville city,13142
2984,Newport News city,179388
2985,Norfolk city,244703
2986,Norton city,3936
2987,Petersburg city,31750
2988,Poquoson city,12053
2989,Portsmouth city,94572
2990,Radford city,17658
2991,Richmond city,227032
2992,Roanoke city,99837
2993,Salem city,25862
2994,Staunton city,24528
2995,Suffolk city,90237
2996,Virginia Beach city,450435
2997,Waynesboro city,22327
2998,Williamsburg city,15031
2999,Winchester city,27932
3001,Adams County,19506
3002,Asotin County,22535
3003,Benton County,198171
3004,Chelan County,76533
3005,Clallam County,75474
3006,Clark County,474643
3007,Columbia County,4047
3008,Cowlitz County,106910
3009,Douglas County,41945
3010,Ferry County,7594
3011,Franklin County,92125
3012,Garfield County,2210
3013,Grant County,95158
3014,Grays Harbor County,72697
3015,Island County,83159
3016,Jefferson County,31234
3017,King County,2188649
3018,Kitsap County,266414
3019,Kittitas County,46205
3020,Klickitat County,21811
3021,Lewis County,78200
3022,Lincoln County,10579
3023,Mason County,63710
3024,Okanogan County,41742
3025,Pacific County,21626
3026,Pend Oreille County,13354
3027,Pierce County,876764
3028,San Juan County,16715
3029,Skagit County,125619
3030,Skamania County,11837
3031,Snohomish County,801633
3032,Spokane County,506152
3033,Stevens County,44730
3034,Thurston County,280588
3035,Wahkiakum County,4264
3036,Walla Walla County,60567
3037,Whatcom County,221404
3038,Whitman County,49046
3039,Yakima County,250193
3041,Barbour County,16497
3042,Berkeley County,114920
3043,Boone County,22349
3044,Braxton County,14237
3045,Brooke County,22443
3046,Cabell County,94958
3047,Calhoun County,7307
3048,Clay County,8764
3049,Doddridge County,8560
3050,Fayette County,43521
3051,Gilmer County,8005
3052,Grant County,11670
3053,Greenbrier County,35287
3054,Hampshire County,23471
3055,Hancock County,29448
3056,Hardy County,13717
3057,Harrison County,67811
3058,Jackson County,28976
3059,Jefferson County,56338
3060,Kanawha County,183293
3061,Lewis County,16226
3062,Lincoln County,20825
3063,Logan County,32925
3064,McDowell County,18456
3065,Marion County,56337
3066,Marshall County,31190
3067,Mason County,26801
3068,Mercer County,59753
3069,Mineral County,27222
3070,Mingo County,24127
3071,Monongalia County,105030
3072,Monroe County,13402
3073,Morgan County,17686
3074,Nicholas County,25043
3075,Ohio County,42035
3076,Pendleton County,6996
3077,Pleasants County,7512
3078,Pocahontas County,8456
3079,Preston County,33679
3080,Putnam County,56792
3081,Raleigh County,75022
3082,Randolph County,28785
3083,Ritchie County,9774
3084,Roane County,14043
3085,Summers County,12993
3086,Taylor County,16930
3087,Tucker County,6915
3088,Tyler County,8795
3089,Upshur County,24465
3090,Wayne County,40153
3091,Webster County,8372
3092,Wetzel County,15437
3093,Wirt County,5794
3094,Wood County,85104
3095,Wyoming County,21210
3097,Adams County,19973
3098,Ashland County,15500
3099,Barron County,45251
3100,Bayfield County,15008
3101,Brown County,262052
3102,Buffalo County,13167
3103,Burnett County,15352
3104,Calumet County,50067
3105,Chippewa County,63813
3106,Clark County,34679
3107,Columbia County,57248
3108,Crawford County,16214
3109,Dane County,536416
3110,Dodge County,87786
3111,Door County,27483
3112,Douglas County,43284
3113,Dunn County,44693
3114,Eau Claire County,103671
3115,Florence County,4371
3116,Fond du Lac County,102548
3117,Forest County,8970
3118,Grant County,51999
3119,Green County,36851
3120,Green Lake County,18760
3121,Iowa County,23715
3122,Iron County,5671
3123,Jackson County,20529
3124,Jefferson County,84832
3125,Juneau County,26576
3126,Kenosha County,168521
3127,Kewaunee County,20445
3128,La Crosse County,118274
3129,Lafayette County,16741
3130,Langlade County,19160
3131,Lincoln County,27838
3132,Manitowoc County,79175
3133,Marathon County,135732
3134,Marinette County,40310
3135,Marquette County,15308
3136,Menominee County,4615
3137,Milwaukee County,952085
3138,Monroe County,45625
3139,Oconto County,37553
3140,Oneida County,35254
3141,Outagamie County,186059
3142,Ozaukee County,88429
3143,Pepin County,7254
3144,Pierce County,41901
3145,Polk County,43450
3146,Portage County,70474
3147,Price County,13442
3148,Racine County,196071
3149,Richland County,17516
3150,Rock County,162309
3151,Rusk County,14151
3152,St. Croix County,88703
3153,Sauk County,63981
3154,Sawyer County,16418
3155,Shawano County,40935
3156,Sheboygan County,115344
3157,Taylor County,20321
3158,Trempealeau County,29472
3159,Vernon County,30759
3160,Vilas County,21683
3161,Walworth County,103082
3162,Washburn County,15758
3163,Washington County,135101
3164,Waukesha County,400621
3165,Waupaca County,51225
3166,Waushara County,24369
3167,Winnebago County,170414
3168,Wood County,73126
3170,Albany County,38332
3171,Big Horn County,11906
3172,Campbell County,46242
3173,Carbon County,15303
3174,Converse County,13809
3175,Crook County,7410
3176,Fremont County,39803
3177,Goshen County,13378
3178,Hot Springs County,4696
3179,Johnson County,8476
3180,Laramie County,98327
3181,Lincoln County,19265
3182,Natrona County,79547
3183,Niobrara County,2397
3184,Park County,29568
3185,Platte County,8562
3186,Sheridan County,30210
3187,Sublette County,9799
3188,Sweetwater County,43534
3189,Teton County,23265
3190,Uinta County,20495
3191,Washakie County,8064
3192,Weston County,6927
